max_features,n_estimators,min_samples_split,avg r2 score,min r2 score,max r2 score,avg rmse score,min rmse score,max rmse score
auto,10,0.2,0.33142810301767744,0.24122085882544586,0.43302237964502976,1.2072774142154492,0.9645772582730657,1.395433639450408
auto,10,0.4,0.2579607497052568,0.16539225235203925,0.400746074514404,1.2707682273564473,0.9842128229998032,1.4539249672641057
auto,10,0.6,0.14675246245683818,0.026663877165215677,0.3021611878548549,1.3623185751830251,1.101938574178795,1.5755483857534367
auto,10,0.8,-0.001818145825640671,-0.006080937974953793,-1.4593625382364195e-05,1.4770304735115725,1.253204388676327,1.7119823498682003
auto,10,1.0,-0.0021309316797831945,-0.00834725542508985,-5.499705710843017e-07,1.477296631089541,1.251959608490441,1.7140774725666172
auto,10,2,0.6423836282021955,0.5606905964089826,0.7415276905667673,0.8799160129461674,0.6463839837199465,1.0412010446551772
auto,10,5,0.6087535950932658,0.49936227988116566,0.7078454605025047,0.9203022954337683,0.7197918776466575,1.1009909203213237
auto,10,10,0.5933788195402334,0.5336022508044865,0.6913091523742975,0.9394688677084995,0.7063914790372205,1.0873380701945907
auto,20,0.2,0.3391267339888507,0.24664000407843456,0.41386262375519467,1.1998424688605283,0.9965317165729718,1.400010096484616
auto,20,0.4,0.2711810056121237,0.13808353683657137,0.4117376783804638,1.259171979531716,1.035344843311421,1.4726627387876272
auto,20,0.6,0.16472549617694868,0.04606022433685686,0.38749005004080816,1.34876089896887,0.9950391058849222,1.6271231851909935
auto,20,0.8,-0.001747431801241616,-0.006749210415375462,-4.4030870705036307e-07,1.4770028427903996,1.2521374375482661,1.713169030712621
auto,20,1.0,-0.0019621816146221847,-0.007481413879152354,-4.7161036669240985e-06,1.477175527558684,1.2519603391471634,1.7122136801162084
auto,20,2,0.6504839295112027,0.5766961431990261,0.7402224639612409,0.8704301184431514,0.7026074933950801,1.0168013127851698
auto,20,5,0.6366667746349938,0.5569437754636768,0.7357886403307364,0.8879389631575134,0.657845144034981,1.0629913868964864
auto,20,10,0.6003676463627634,0.515544264250845,0.68761877106794,0.9315999425326206,0.7143326406386328,1.1208378317170145
auto,50,0.2,0.34803311378493024,0.24548641671353832,0.4630355154116985,1.191743893694932,0.9915516709752069,1.35136931557092
auto,50,0.4,0.2840691663732077,0.19698753124542745,0.39647028347991176,1.248440877148702,0.9877178549346123,1.414267655404963
auto,50,0.6,0.1615093306916259,0.060630000898440284,0.32160066665719633,1.35135388439627,1.0629099666616733,1.598909682139047
auto,50,0.8,-0.0018802100006612868,-0.00949699494353795,-2.047594306398004e-05,1.4771103090502045,1.252446883317354,1.712431020743029
auto,50,1.0,-0.0017806238367350585,-0.007097235847588257,-1.003646991515339e-06,1.4770381545333748,1.2520355540694807,1.7121860717809927
auto,50,2,0.6663462066464801,0.6017220801874015,0.7512756433178939,0.8501903642250687,0.6340780703622423,0.978804618571155
auto,50,5,0.6424422209497939,0.5664253173322849,0.7455384951210122,0.8801209550635846,0.6456556672968706,1.0559470795602384
auto,50,10,0.6160797522743868,0.5329880894982949,0.711895427974935,0.9135874313156805,0.6824308484645277,1.1067347947640362
auto,100,0.2,0.3480470435638628,0.27287121713032025,0.4180914240217516,1.1917793832699437,0.9872674305785522,1.3719463930354727
auto,100,0.4,0.28612794156968885,0.20492792973216145,0.3907445116979724,1.2462919224838054,0.9944951547519634,1.393520090449283
auto,100,0.6,0.15993412310302066,0.07455813938720868,0.3223924472556109,1.352248725391116,1.0465806339789023,1.568086889535707
auto,100,0.8,-0.0019994918954244624,-0.008081713919401157,-1.59811019084799e-07,1.477196838543426,1.2521195907842169,1.712939436846431
auto,100,1.0,-0.0018234399927678985,-0.007646049112205455,-4.854020138722603e-06,1.4770716260401495,1.2524988787578741,1.7120076874124113
auto,100,2,0.665695334741944,0.6105663644706163,0.7478194240524823,0.8513038333409794,0.6560166654761745,0.9965912135207107
auto,100,5,0.6461440999163915,0.5668127345631526,0.7388570286749845,0.8761993662335675,0.6790287018316526,1.0500034849776794
auto,100,10,0.614171248061528,0.5425856784084058,0.6974127497720727,0.9155326510702221,0.7000846879885193,1.0928010549967497
auto,200,0.2,0.34922948402275134,0.26710104491765163,0.4243984593581386,1.1907024038547938,0.9882463319657204,1.3820320380504092
auto,200,0.4,0.2888968033958574,0.20731012129759063,0.3948303376089708,1.2440211953800728,0.9890588866268565,1.407272162693211
auto,200,0.6,0.16470744021338776,0.0879746109895253,0.35996709771792024,1.3483970573018258,1.0551173391927324,1.5758816128576563
auto,200,0.8,-0.0018621624844508205,-0.007363030662444814,-1.2096716035969735e-05,1.4770993860826185,1.2520278246919667,1.7127094585699334
auto,200,1.0,-0.0017844854595222307,-0.006575286068126296,-1.2624397750293781e-05,1.4770370168121751,1.2524031937306328,1.71236671451696
auto,200,2,0.6697826870493524,0.6076246785548556,0.7554184058465171,0.8461414462519161,0.638174445781612,0.9864131269595514
auto,200,5,0.6497215719698419,0.5885449210061295,0.7390069477496344,0.8715802781067467,0.6607642881006404,1.0154080991857788
auto,200,10,0.6140117360287408,0.5444297355323497,0.6971718906420692,0.915355415075718,0.7050263071330484,1.0766203415104194
auto,500,0.2,0.35184376020259717,0.27125825020797445,0.43641772824596337,1.1883731097090717,0.9824669037887914,1.3635587501720698
auto,500,0.4,0.289524438810199,0.20131369077055794,0.38038540511043695,1.243319190810402,1.0007933125513582,1.4007396159064003
auto,500,0.6,0.16557595934602523,0.0872028127628327,0.33827744916395985,1.3475875328503593,1.0425337853653212,1.557568813976895
auto,500,0.8,-0.0018718292977261525,-0.008050147866439206,-8.109003268863546e-08,1.4771060309108814,1.252178643874996,1.712799438870671
auto,500,1.0,-0.0018759937754259427,-0.0073858885800144325,-2.5137252719353853e-06,1.4771104237551054,1.2521197192262052,1.7127692316359053
auto,500,2,0.6694288619014362,0.6073142967314671,0.7547054764484636,0.8465139169430477,0.6428489925738394,0.9752555764406617
auto,500,5,0.6491241310318432,0.5820160611449157,0.7344328734804757,0.872429568483096,0.6663296833739188,1.0246855050484447
auto,500,10,0.615369751962882,0.5566812000653957,0.6991871305570059,0.9139441199637486,0.697319453967638,1.0739567746046004
auto,1000,0.2,0.3514616373516027,0.2684187622872678,0.42901824294819435,1.188714316012205,0.9922916727434148,1.3613099870840288
auto,1000,0.4,0.2915934790822441,0.21008688652138996,0.3969791713696109,1.241506038583763,0.9873013521179133,1.391811433616645
auto,1000,0.6,0.16404769560451926,0.08826408623634585,0.3310542014010125,1.348991599015761,1.0564812468135028,1.573402141548636
auto,1000,0.8,-0.0018359207070854778,-0.0076596806031028475,-8.35446714919641e-07,1.477079190889595,1.2521689032451095,1.7123201649621196
auto,1000,1.0,-0.0018747552837242182,-0.007107727042256595,-1.9137836870797287e-08,1.4771060276570034,1.252227296040979,1.7125633810659606
auto,1000,2,0.6711031036700231,0.607518343611857,0.7537453119949359,0.8445081097090421,0.6441864312848027,0.9848131713015266
auto,1000,5,0.6502203635177726,0.5857461868786573,0.7366871899281666,0.8711855554689802,0.6628170683847406,1.0191532584622358
auto,1000,10,0.6170958413924976,0.5549162706707775,0.6985176266331345,0.911666440669156,0.6980950169190558,1.057660055065533
sqrt,10,0.2,0.3007201051955616,0.18412757938901037,0.3690694758827664,1.2334054752129286,1.0209999278867596,1.4228466523338352
sqrt,10,0.4,0.23851531824606434,0.16311747944200305,0.3518770438033515,1.2873035076772765,1.0235575764702338,1.4750724845218302
sqrt,10,0.6,0.14906322174767234,0.04986229440391898,0.2865107322440491,1.3607341156862534,1.0739332719971466,1.5630023223211393
sqrt,10,0.8,-0.0019048159448333967,-0.007489923540050958,-3.103766192946722e-07,1.477120532853653,1.2519545622516481,1.7132201526407649
sqrt,10,1.0,-0.0022290077858509037,-0.007671620629668974,-7.040812786796025e-06,1.4773784546520994,1.252351903557843,1.713363432662729
sqrt,10,2,0.6150070725099597,0.4700734045329037,0.7143648188889503,0.9131768652295084,0.7462110880546462,1.1625407431857468
sqrt,10,5,0.599557308834662,0.48000657165746974,0.7187978597894389,0.9300289168067787,0.7313270639247008,1.087651557615332
sqrt,10,10,0.5567711125912651,0.465425611662979,0.6802650721445666,0.9806503127638042,0.71891677232626,1.1460264944268543
sqrt,20,0.2,0.2990642623752989,0.2500611613174858,0.39788556161811606,1.235031930139802,0.9865879502298169,1.429711710058787
sqrt,20,0.4,0.24894427556510518,0.15761555404405914,0.3239110193131284,1.277844742743565,1.0585890849606567,1.4793672456724378
sqrt,20,0.6,0.16920094174916706,0.06593393605686348,0.31754022141809213,1.3444827686569687,1.0503211375172308,1.5509314481696612
sqrt,20,0.8,-0.0019363897384607896,-0.008525678892340904,-2.2040167847015013e-05,1.4771705298699558,1.2522729460737512,1.7125776348343076
sqrt,20,1.0,-0.0021811359906270845,-0.008895603508411787,-8.595929398280688e-06,1.4773470384212428,1.2519758714578695,1.7125597130405257
sqrt,20,2,0.6454215518808492,0.5765024077416607,0.7178799487504632,0.8765074703887288,0.6815711233800196,1.0308642920660784
sqrt,20,5,0.6246773935655721,0.5542287445274607,0.7473725126232005,0.9018565464962696,0.6390338690130021,1.0302309783437045
sqrt,20,10,0.5812752323513747,0.5028619602764255,0.7168859903910876,0.9535275559715825,0.7061189452721162,1.1373326740367622
sqrt,50,0.2,0.31801839682761546,0.23617548305683456,0.3644700109392256,1.2186102460985269,1.0147464802165178,1.386319341490938
sqrt,50,0.4,0.25530546109577945,0.17046030653830324,0.34954065502213794,1.2723733446881356,1.0735409379374299,1.4282476912666315
sqrt,50,0.6,0.16201248217152614,0.0843965088038362,0.28385779470746975,1.3500189497460706,1.1095501782407187,1.5493137744871508
sqrt,50,0.8,-0.002029533114846019,-0.0075040242401849255,-7.043976899545612e-07,1.4772280299699103,1.2522967348773824,1.7127576302171956
sqrt,50,1.0,-0.0018933772052001873,-0.009592444478153883,-7.271074531356447e-07,1.4771222851300603,1.2522441758140646,1.7127336968481226
sqrt,50,2,0.6672278954177108,0.6014932058885021,0.7506465101343058,0.849496150264103,0.654320509363233,1.0043353691138424
sqrt,50,5,0.6344554779853132,0.5436200445767305,0.7217654399947202,0.8909268134610513,0.6913304021987836,1.0527543036826992
sqrt,50,10,0.5954735098232237,0.5258682595614655,0.689601664098763,0.9375567487071598,0.7149913471427091,1.1139924014529443
sqrt,100,0.2,0.31776811111928854,0.2591929557174458,0.3675048911408758,1.218692789174282,1.0194671758140685,1.4022982785999447
sqrt,100,0.4,0.25864564896845355,0.19418146894878985,0.34905137116878426,1.2696831694902142,1.0492719672808535,1.4574045162850688
sqrt,100,0.6,0.1614883440507227,0.09097733660528484,0.2904490387006874,1.3509227994590063,1.0924028994699997,1.5792106200268703
sqrt,100,0.8,-0.0018401413117732285,-0.008286538084077755,-2.446498069241798e-06,1.4770867384761401,1.2522808899123845,1.7132367291047523
sqrt,100,1.0,-0.0019775854622717482,-0.008198740304267593,-1.090780051971052e-05,1.4771822121973839,1.2523716860138527,1.7122521880613357
sqrt,100,2,0.660069824652885,0.5814016515890068,0.7609952012928248,0.8585854171823675,0.6215654780231358,1.0162239279083791
sqrt,100,5,0.6385387273866027,0.5666792439671768,0.7352894691034682,0.8855984890546286,0.6908081882180549,1.0424073776590055
sqrt,100,10,0.596512530296112,0.5357165229178737,0.6924277124804818,0.9366031110329244,0.705110491254486,1.1122730043788776
sqrt,200,0.2,0.3195082615663024,0.27141375668793155,0.3607763575040641,1.2172460306285435,1.0231441102707777,1.408729006667081
sqrt,200,0.4,0.25514059303410147,0.18829231508054523,0.34290071951657686,1.2728487551985506,1.0599526947624962,1.4492771716354842
sqrt,200,0.6,0.16139222633952865,0.09624017778366689,0.2916758585795972,1.3509763275991657,1.1063227587756268,1.5700811154367091
sqrt,200,0.8,-0.0018477123646977716,-0.006586333920219456,-1.7061885277502853e-05,1.4770898815766322,1.2521030160405875,1.7126009316181972
sqrt,200,1.0,-0.0017576781572146436,-0.007340487009676044,-1.6501540356372857e-08,1.477022689607872,1.2522897244532902,1.712533464686436
sqrt,200,2,0.6642754854317816,0.600261119986764,0.7632050552228022,0.8534252385065108,0.6258477318081401,0.9926155362458037
sqrt,200,5,0.642844654761207,0.5888349866606156,0.7372102692643749,0.8806428719304997,0.6517601003520864,1.0339812089537148
sqrt,200,10,0.5989664611043666,0.5357184377373367,0.695884437042408,0.9335106003183953,0.7011370192329069,1.1077698875868458
sqrt,500,0.2,0.31876685154411055,0.284414392325287,0.367695238956981,1.2178693797346458,1.0135216757489005,1.404517166449506
sqrt,500,0.4,0.25666819530602,0.19583486494720148,0.3407761605366696,1.2715774857540494,1.049523982829889,1.4573422612471358
sqrt,500,0.6,0.16275830342056688,0.09832973512673848,0.3008650668607713,1.3499258923486424,1.096505824125334,1.5724468155704099
sqrt,500,0.8,-0.001815991806893653,-0.0071664536701316894,-3.3614361336642418e-06,1.4770627237230785,1.252239612468055,1.7124603113658965
sqrt,500,1.0,-0.0018394481391992433,-0.007556639169890911,-5.432438533903294e-06,1.4770837939261994,1.252181621578423,1.7126809407671364
sqrt,500,2,0.6658198783588966,0.5954779585253803,0.7614853149272841,0.8513238304600537,0.6214464765503097,0.9900502122773687
sqrt,500,5,0.6455670626570523,0.5865331422519431,0.735442437052958,0.8772062343340415,0.6546236576250923,1.0296870900199535
sqrt,500,10,0.5992814848401686,0.5448596001504727,0.6923262045162552,0.9330886853676253,0.716406515982536,1.094555848693638
sqrt,1000,0.2,0.31772787129219243,0.26740966076600525,0.3668716236385525,1.2187644525476617,1.0136604039372203,1.4064865918962097
sqrt,1000,0.4,0.2581374560420039,0.20146414777384158,0.34429459495651027,1.2702337939783843,1.0484238681247027,1.4572719250091586
sqrt,1000,0.6,0.16521914754039985,0.09712996803236484,0.2962937086366918,1.3478649170716979,1.0911171957179744,1.5740638441555759
sqrt,1000,0.8,-0.001830381840092998,-0.006995391021084041,-1.606833490708226e-06,1.477075826752173,1.252187867659821,1.7126566377584795
sqrt,1000,1.0,-0.0018137947227179565,-0.007146326483923104,-1.846060938115457e-06,1.4770636878997494,1.2521781665751968,1.7124884572313825
sqrt,1000,2,0.6667514853617671,0.5938693050604595,0.763094352232567,0.8499887616194282,0.6314995136329435,0.9886075449689805
sqrt,1000,5,0.643492648004893,0.5771838499353137,0.7383592242313048,0.879601706844667,0.66432090897498,1.0308326151440477
sqrt,1000,10,0.6015030090633204,0.5456603464091468,0.6868327691284281,0.9305769258905267,0.717567294805803,1.0894892188045642
log2,10,0.2,0.2891772803229334,0.19308103762248863,0.3693201066925993,1.2440183587168163,1.0320404906462883,1.4117426894570813
log2,10,0.4,0.2249695499376972,0.1381246059622967,0.31135700075719186,1.2984542951582305,1.055068467514627,1.4918118068124893
log2,10,0.6,0.14054430230010037,0.040890794662426067,0.3116276995240863,1.3670467466381455,1.160165119028705,1.5722779457328901
log2,10,0.8,-0.0024431729885419444,-0.007995787505211238,-7.916248105477308e-06,1.4775368811803362,1.2519875050052098,1.7134786212137285
log2,10,1.0,-0.0018328453289461952,-0.00873858967622132,-8.286555885916869e-09,1.477070302315751,1.252081168554818,1.7127735208455042
log2,10,2,0.6102374120420941,0.5175115761620381,0.793025139287005,0.9198921830466347,0.5784187661506693,1.1389296015525385
log2,10,5,0.5966235899392297,0.5091659337419078,0.7476245693600518,0.9345269176866731,0.7577639024669484,1.1188391973348797
log2,10,10,0.5560391273768015,0.4441413713715481,0.6784178047401341,0.9820931021461153,0.8243051525213793,1.1836348639371213
log2,20,0.2,0.3013259126954446,0.2430452977102716,0.36120364722397624,1.2332137644611427,1.0270776462506306,1.4461569175321152
log2,20,0.4,0.2355658550909488,0.15086316298633817,0.33382033793248744,1.288988368228665,1.088869020601553,1.4913887073281162
log2,20,0.6,0.15596293747902126,0.07452989498646745,0.28042667980299096,1.3555647076390756,1.1045794531141377,1.596088222236753
log2,20,0.8,-0.0023908874758895365,-0.00799753732397157,-9.647881471730457e-06,1.4774660445161112,1.253001092967256,1.713425447058297
log2,20,1.0,-0.0019038754600132599,-0.010070622944175378,-3.935780399366706e-07,1.4771177040585646,1.2532087877082134,1.7125792866790983
log2,20,2,0.640576048900946,0.5493118884550603,0.7489558166685062,0.8824784201658921,0.6734435436323932,1.0337383955215858
log2,20,5,0.6268266339983682,0.4873315138993085,0.7523720740481332,0.8985829093107207,0.7045721112822455,1.0746586188592175
log2,20,10,0.5810487982396811,0.4972091112832029,0.7120229579014093,0.9535623380519016,0.73753971455492,1.1483473832988824
log2,50,0.2,0.3058039183450159,0.24304213120062956,0.36543359317572466,1.229224478071258,1.035875922743949,1.4417089612122589
log2,50,0.4,0.2437065261359477,0.1750371186575581,0.3249430526142665,1.2822476874768582,1.0703053746763405,1.461661298899063
log2,50,0.6,0.15243595296700668,0.07666974329650345,0.24904904028648855,1.3581368097671909,1.1212224487584035,1.5695018193889172
log2,50,0.8,-0.0019439137750220927,-0.007410146204878343,-6.07162542642925e-06,1.4771470802048519,1.252407630743824,1.7117548319952178
log2,50,1.0,-0.0017616371043104998,-0.0070514475127752,-1.84570943309037e-05,1.4770130549866605,1.25218250473376,1.7122336566370997
log2,50,2,0.6554887437095107,0.5891158172062472,0.7415689548368154,0.8644340205103896,0.6471498103972309,1.009140941809138
log2,50,5,0.630947079140601,0.5653288751519936,0.7159302483577168,0.8948121540804368,0.7001452164754622,1.040576969175501
log2,50,10,0.5903634241981138,0.5136237065471418,0.6694454613203322,0.9433443485296275,0.7309793990012606,1.0899239225138213
log2,100,0.2,0.3049039428912555,0.24920948084648953,0.3628416331414246,1.2300632226833406,1.0188563004044078,1.4223751537597213
log2,100,0.4,0.24132818990620714,0.1829926718287953,0.3319273405115932,1.2846323751942008,1.0658149025529824,1.4835642297746288
log2,100,0.6,0.15552446144921317,0.08196358404879778,0.28069150023212286,1.3556241691156177,1.1092786334333478,1.570075694799365
log2,100,0.8,-0.0020019006189581686,-0.006506122115425228,-4.894585356574055e-06,1.4772002729024065,1.252163817616107,1.7126190415373037
log2,100,1.0,-0.0018158520899130874,-0.006903692006663631,-2.501628530349187e-05,1.4770632259843517,1.2522144123680907,1.7124092731865586
log2,100,2,0.6619286400129922,0.5993437392783525,0.7612245721318324,0.8562680212766142,0.6217651446281681,0.994257343517886
log2,100,5,0.6363717496234526,0.5804405187104424,0.7409456964865987,0.888076957176622,0.6833219604510312,1.0227447872404676
log2,100,10,0.5899525803333111,0.5183089692125038,0.6663151207261142,0.9439536502141818,0.7498074583903308,1.1063823278723042
log2,200,0.2,0.31056426228863737,0.27182335804273594,0.36335466084984436,1.2251688940475798,1.014647169939477,1.4149803813145776
log2,200,0.4,0.24507586286263966,0.18967700570265422,0.324505355265457,1.2816372690570723,1.0692306795804816,1.4621953102816871
log2,200,0.6,0.15747381526641208,0.08935775276663604,0.2888969510418161,1.3540253437693774,1.1117748441262862,1.5655974562764807
log2,200,0.8,-0.0018175651042752314,-0.007243601863546445,-8.268643822750832e-06,1.4770645023036877,1.252156627376809,1.7123434957820682
log2,200,1.0,-0.001867059694019819,-0.007895221063018543,-4.674755953448795e-06,1.47709604915339,1.25235016691275,1.7121735562482323
log2,200,2,0.6623448378582019,0.6010383765826954,0.7681172001297949,0.8556953620381074,0.6413542040189572,1.0194301075002303
log2,200,5,0.6382941277029756,0.571508675442207,0.7214789334343129,0.8861310620111598,0.670984673185012,1.0218738439011579
log2,200,10,0.5908325888975743,0.535744190696553,0.6795550728069322,0.9429089239853975,0.7432154258133477,1.1158493928748143
log2,500,0.2,0.30979329147061946,0.2699201884674841,0.359474165562525,1.225775049903014,1.0214568280446858,1.4162399172365565
log2,500,0.4,0.2450857831264123,0.1931318859335348,0.32880854732838494,1.28139646635436,1.0652904480797363,1.4693010377913687
log2,500,0.6,0.15631966608676642,0.09549759414311088,0.2767267785864994,1.3550744594733053,1.1184869147029928,1.5694087132214436
log2,500,0.8,-0.0018442731339882795,-0.006952058496885627,-6.223480544687021e-06,1.477083179539199,1.2522910077331493,1.7123842411940164
log2,500,1.0,-0.0018765786015259847,-0.00720541103922101,-2.6027137711714943e-07,1.4771114803418088,1.2521515936681058,1.712402372389183
log2,500,2,0.6625704396721878,0.5902855618659542,0.7584242222804526,0.8554160239083205,0.6322417615565493,0.9974874127466383
log2,500,5,0.6391126194279614,0.5681812247185138,0.728995595910674,0.8850444031903706,0.6746315922903724,1.0462120357358153
log2,500,10,0.5936627944598785,0.5312904197059027,0.6832616204356259,0.9395808335392667,0.7261017293677066,1.1012878716209809
log2,1000,0.2,0.30837587952192197,0.26589418043192214,0.3573388072554342,1.2270433097018778,1.0196130692583287,1.4167006470655072
log2,1000,0.4,0.24731168309828952,0.191626512916521,0.32885033069443026,1.279561340065041,1.0686269763877068,1.4682528203589826
log2,1000,0.6,0.15771162060414023,0.09685833284941914,0.27838915777120476,1.354013957455899,1.1156787785686453,1.5759464630810447
log2,1000,0.8,-0.0018284449707656801,-0.007126161015758914,-2.296535392742882e-06,1.4770756452863523,1.252142056915922,1.7125633915440217
log2,1000,1.0,-0.0018282588713459489,-0.007329645136243235,-2.1302825301550143e-06,1.4770749972103827,1.2522056319307024,1.7126217271942132
log2,1000,2,0.6630776875565222,0.5928061666943076,0.7580129241530273,0.8548444120761401,0.6453184791949781,0.9954019703642588
log2,1000,5,0.640150605097334,0.5761433663788512,0.736040710561546,0.8837653911888471,0.676402554231397,1.0421314960293107
log2,1000,10,0.5928439110387738,0.538965440254233,0.6767561021059606,0.9407037022216196,0.7276007343024987,1.1070951581499537
2,10,0.2,0.2661611709816149,0.14319254910416512,0.3349687372159923,1.2634460702099097,1.062621111791548,1.4782297610827313
2,10,0.4,0.19640645663483297,0.0992399557473248,0.2689548016888905,1.3216873551752344,1.1105229105620111,1.5117189822701267
2,10,0.6,0.1236244362156394,0.03335788786157201,0.2252055614891858,1.381094869298576,1.1732044585955972,1.5701212092482042
2,10,0.8,-0.0019880104331826192,-0.007666312461422464,-1.0252197720328482e-05,1.4771897539695436,1.2525738666619302,1.7121005702989969
2,10,1.0,-0.0016554843036640447,-0.006839763529124188,-2.3990576458743362e-06,1.4769518142879539,1.251994059393462,1.7116262404108467
2,10,2,0.6051323593957958,0.5051796414125969,0.7113299378688972,0.9253259021870729,0.6831002559495946,1.0960984460870267
2,10,5,0.5743579193272133,0.45793648018442423,0.6926821877474494,0.9601087155402049,0.7379397878160633,1.108513822712095
2,10,10,0.5263047931528352,0.4370554827358649,0.6324339457857748,1.0137649776441369,0.8014809344596168,1.1790790896942558
2,20,0.2,0.2702531483286004,0.21240593484778725,0.3534921882335603,1.2601797504861993,1.0480204650658749,1.4379875864541902
2,20,0.4,0.1966640812354339,0.15118632172955626,0.2626928976341786,1.3216483991197976,1.1401360025269112,1.4900925702234302
2,20,0.6,0.12354416970018418,0.06848248372596788,0.21783059423292572,1.3810602986203684,1.1557894498205057,1.5901599234779997
2,20,0.8,-0.0019300285289883992,-0.007219573453236761,-3.602186984252853e-06,1.4771463217559357,1.2526055859932586,1.712326992959555
2,20,1.0,-0.002035247212071518,-0.011524527309272337,-2.4582978026543856e-06,1.4772200850831567,1.2519888742392709,1.7127472318285992
2,20,2,0.6304590668093689,0.5545151482400102,0.7185046249290548,0.8948408750635761,0.6778540264666925,1.0673346336985
2,20,5,0.5946812242509867,0.5301629200903115,0.7250876857573443,0.9372172163980298,0.6666235807995161,1.0624979036925906
2,20,10,0.5448458695613851,0.49165926988359376,0.6369204866730397,0.9944683830723766,0.8294773992841274,1.1868484125516712
2,50,0.2,0.2799695327038426,0.22898134691267114,0.34824965051573775,1.2518215380638849,1.0426994670226675,1.4526711736975177
2,50,0.4,0.20960479042348398,0.16917682160659075,0.30182367522802445,1.3116927651910726,1.1118110090207631,1.531994472429832
2,50,0.6,0.12964451027452217,0.08209178164138398,0.211833350562594,1.3766145222938215,1.1478209484301392,1.5965749942057623
2,50,0.8,-0.001902905737666816,-0.007704180856070941,-7.187625674642817e-07,1.4771271176651686,1.2521953169484858,1.7132650909451794
2,50,1.0,-0.0018775686149331955,-0.007747069333402523,-1.938404460255505e-05,1.4771132409712182,1.252417426000136,1.7129994804400854
2,50,2,0.6460459931709931,0.5591039966877336,0.7438485123674254,0.8758919888420709,0.6434755006214788,1.0418144863058467
2,50,5,0.6145379836989141,0.548386893297919,0.7179557656913143,0.9147593282285433,0.738957795260671,1.07723719291386
2,50,10,0.5565375479066066,0.4968488019694236,0.6488752452005506,0.981399836225056,0.7969446160748057,1.126818073260028
2,100,0.2,0.2799227793349778,0.22612054799384917,0.3319707058876967,1.2517144300539567,1.0441729859825983,1.452441661239065
2,100,0.4,0.2101521517888881,0.15752876319731957,0.2695016752292726,1.3107894238482545,1.1088796723629448,1.5196723300763777
2,100,0.6,0.13309426247588604,0.08312649832761887,0.19952604009400798,1.3737067850112328,1.1597815061749628,1.5933668007068793
2,100,0.8,-0.0019064830912991421,-0.007015761055572112,-5.2874496754284905e-06,1.477124547678547,1.2525423413416548,1.7121564724287621
2,100,1.0,-0.0017365159908451938,-0.006537399536802324,-1.4817002968126047e-05,1.4770011235390137,1.2522230445264197,1.7123592232754443
2,100,2,0.6483619313967184,0.5670368258640852,0.756427247809591,0.8729990220123264,0.665093573590342,1.0160116309037945
2,100,5,0.6168307317247435,0.5543872528896532,0.6993834973435988,0.9122380606825139,0.7175135595187122,1.0764222188240962
2,100,10,0.5571937605467597,0.48901150993679743,0.6532364320134475,0.9809523591641173,0.7920575717421392,1.15258326205518
2,200,0.2,0.27994801545575704,0.23567024303234163,0.32985767133627597,1.2520779745601676,1.050276342386361,1.4467888825519044
2,200,0.4,0.20852959447561975,0.1527463109844841,0.2826522418396126,1.3120183567814085,1.118965077290073,1.4928468501911145
2,200,0.6,0.1333197889458007,0.08141933307787852,0.19744728443360793,1.3734884889197265,1.1544759594258016,1.5943474441222218
2,200,0.8,-0.0018861991448016783,-0.007402348172943052,-5.658959736809521e-06,1.477116510295134,1.2521197081639417,1.7124208328771475
2,200,1.0,-0.0017133120797559911,-0.006577420469129791,-3.8238393343714705e-05,1.4769927870395374,1.2521566111556235,1.712543191752667
2,200,2,0.6501147512299085,0.5786649918377338,0.7371162885743927,0.8710767494223818,0.6685563742406666,1.0066397551395416
2,200,5,0.6198548566621288,0.5593202300013931,0.7160729653960016,0.9084918750133263,0.7182973603220683,1.0570755977134705
2,200,10,0.5643545269816709,0.4994059665495344,0.6543229072127663,0.9730104689627637,0.7676206168050445,1.1267761656224544
2,500,0.2,0.2805591918848125,0.24011180667499665,0.3364325618383571,1.2513219881618933,1.0541922733735416,1.44306211140872
2,500,0.4,0.21098749417214063,0.16844176767524677,0.2752849885242107,1.3102734115557193,1.1053633233950624,1.5112850098461375
2,500,0.6,0.13309289752098524,0.0862194458379768,0.20032450136582014,1.3736346425203798,1.1531164120415383,1.5894739049323434
2,500,0.8,-0.0017348398218333403,-0.006773871554673017,-1.7355605552715758e-07,1.477005144026144,1.2523099274470042,1.7122110698779094
2,500,1.0,-0.001862946368050135,-0.007733458998224529,-3.565127303817306e-06,1.47709932860418,1.2522255180278212,1.7124729544834867
2,500,2,0.6514320370892763,0.5780185795045736,0.7504533262177618,0.869414011972101,0.6692639044870119,1.015731312431356
2,500,5,0.6179377005324864,0.5458974523244593,0.7168647964473114,0.9107395930962964,0.7159485598387406,1.0644184611148944
2,500,10,0.5633914234050912,0.5060963708200226,0.6514587394832749,0.9740271834107855,0.7909287536257781,1.1385362884898238
2,1000,0.2,0.2816114898187004,0.2446567654173215,0.3353926623313652,1.2504737538671824,1.0523560364664206,1.4479311430189579
2,1000,0.4,0.21065632966841794,0.16882388144437477,0.27229979431829765,1.3105057653736218,1.1126297468420214,1.5054538173184677
2,1000,0.6,0.13316643460095237,0.08961814256746625,0.20838096260980832,1.3737092200367824,1.1472026518037859,1.5889472271061575
2,1000,0.8,-0.0018484620841647385,-0.00758907624661842,-8.483257418756551e-07,1.4770882524403526,1.2522276488200168,1.7126872385755376
2,1000,1.0,-0.0018638721883848036,-0.007300490747475408,-6.000640311309979e-07,1.477100502563668,1.2522121675484663,1.7127344687494352
2,1000,2,0.6520142826739942,0.5789895198444617,0.7466289687962353,0.8689062937458258,0.6724618248449787,1.0172956648188531
2,1000,5,0.6197063221868608,0.5494343737346009,0.7087164857785118,0.9086191983285085,0.7111034886146437,1.060868144448095
2,1000,10,0.5632735982485652,0.5095243502725901,0.6494435827141208,0.9742262055498494,0.7898518510737538,1.1354955004232046
5,10,0.2,0.2926216253174771,0.22373524799120426,0.3825048348604747,1.2409133345826222,0.9991094503453777,1.4420739588528337
5,10,0.4,0.22704204435428788,0.14468796019540175,0.3359127440794799,1.2960223214072486,1.0870209361289151,1.4359162898931355
5,10,0.6,0.1470554809494237,0.055010761033028266,0.28271312666826587,1.3625770492790892,1.0991051679657056,1.5926117273747105
5,10,0.8,-0.0021371882313253993,-0.009072462837692585,-2.957718056695313e-06,1.4772722721561702,1.2530752761211665,1.7127308657731593
5,10,1.0,-0.001911766504343663,-0.006900210527726047,-8.895952564236254e-05,1.4771288094431203,1.252010053357922,1.7110853926468808
5,10,2,0.6204091993817253,0.5290187910932194,0.7195202387132655,0.9075915348951255,0.6733398839147917,1.0480916237256848
5,10,5,0.6043526279033054,0.5256769780575741,0.6790548337825537,0.9272008968098043,0.7364762003237604,1.105804544655769
5,10,10,0.5432907894472521,0.45739311280276373,0.6682032855723168,0.9964767534644267,0.7323515680946302,1.1847252400066093
5,20,0.2,0.2995647740578511,0.22315088816558248,0.37415051301709024,1.2343816221972113,1.0308805432835553,1.4070506658782052
5,20,0.4,0.23254736363490772,0.16409107261338085,0.318387512036966,1.2922527075314523,1.0643333901858805,1.4829841453894475
5,20,0.6,0.1450055333925204,0.05152748465722379,0.23800976701929932,1.363907286849986,1.1421712647888371,1.6071871584297115
5,20,0.8,-0.0017509038524801267,-0.007617813421070263,-2.027349119693156e-07,1.4769967369614065,1.2525475745728238,1.7122144312419367
5,20,1.0,-0.001846115936702088,-0.00901144132459275,-4.997809912588025e-07,1.4770804769938697,1.2519663717413156,1.7117677532981197
5,20,2,0.6378138906133841,0.5298914086004963,0.7545924860162654,0.8863265741168219,0.6298360332280013,1.037707395475773
5,20,5,0.6168156628192732,0.533918036898561,0.7061581255978429,0.9111724514674918,0.7246082970527282,1.051901207084469
5,20,10,0.5675989063852301,0.46061390538686886,0.6687004953096718,0.9681363674380313,0.7858714282997366,1.1266444611322557
5,50,0.2,0.3087282056586943,0.24791291127067983,0.3693408052137911,1.2260379319059629,1.0212219811402286,1.395416080606952
5,50,0.4,0.24187765103284994,0.18197525580624907,0.32593817085344934,1.2843412092402184,1.0615747048793005,1.4673194389598114
5,50,0.6,0.15618603944442272,0.08066297073046513,0.26344584884291944,1.355434449552305,1.1061333674348521,1.5753456714708454
5,50,0.8,-0.0020418589003064927,-0.008004575265895486,-2.626131134331189e-06,1.4772285667149057,1.2523187560524154,1.7120173961044352
5,50,1.0,-0.0016873175862273104,-0.009184442608946464,-2.080989581321191e-06,1.4769671444126078,1.2520187806256868,1.7125082216127878
5,50,2,0.6599043847701607,0.5886555841746492,0.7543648021776679,0.8586751813133963,0.6301281396862649,0.9910590661050046
5,50,5,0.6364453370433116,0.5748020041803246,0.7096316427766822,0.8886649655307404,0.7004465683035113,1.0271808291316993
5,50,10,0.5848230870362434,0.5189364348865325,0.6719558605948017,0.9498710479567357,0.7281983941944161,1.1107766281118625
5,100,0.2,0.3061889844210702,0.2645753089506333,0.3602841324339441,1.2293248798253276,1.0169271625858114,1.4197181021762748
5,100,0.4,0.24671198038365452,0.18683156603434214,0.337381610004042,1.2798950809796972,1.074009083268763,1.460677672418471
5,100,0.6,0.1575215173137713,0.09392782508719844,0.278863222222299,1.3539329551561199,1.1341154329699776,1.5765404795391726
5,100,0.8,-0.0018701458286224705,-0.00725498392464119,-8.684366887612427e-06,1.4771127745917707,1.2521743760981745,1.7129432931224067
5,100,1.0,-0.001807305519049199,-0.006976972186494068,-3.7421708085627614e-06,1.477053600831674,1.2522059355720068,1.7122939602121396
5,100,2,0.6611169356854605,0.5856832730755831,0.7535893060892676,0.8573194333646235,0.641788943134358,0.9905348547124853
5,100,5,0.6349298096718237,0.567193661200659,0.7413185905992642,0.8902929387682958,0.6606060377615138,1.0713886000698143
5,100,10,0.5915819584791687,0.5367084206333012,0.6772735106550829,0.9418970433754057,0.7222721712635669,1.1103838932265702
5,200,0.2,0.3113390614381788,0.2654397391483019,0.359749226697589,1.22447474876402,1.0282273218524283,1.4137710666112635
5,200,0.4,0.24363317706647378,0.18248128160693522,0.3259719429216439,1.2826801292687293,1.0813109553559768,1.4639635253288543
5,200,0.6,0.15733436351359,0.08780940921482172,0.26577136722008143,1.3541950006017776,1.1177146537669842,1.580749858449733
5,200,0.8,-0.0018621517766715192,-0.007983487561710634,-1.183784140601496e-05,1.4770949981897763,1.2523049232818566,1.7119943364341161
5,200,1.0,-0.0017858079569534604,-0.007746253769078448,-1.395378963264804e-06,1.477045083495091,1.25212782451615,1.7128118677041357
5,200,2,0.6609791810271001,0.5770122292789515,0.7580572909382133,0.8571913745804927,0.6432826529738398,1.0129700726905975
5,200,5,0.6379326773131512,0.5815941164659033,0.7338787372730754,0.8865231556112889,0.6691929335200287,1.0394288617467633
5,200,10,0.5919635413456908,0.5369854402833193,0.6758774263308702,0.9417258468048446,0.7238327259932232,1.1231528326334193
5,500,0.2,0.3098070747423203,0.2626686433533081,0.35556418907711884,1.2258269619219562,1.0245254665387526,1.4160259758279312
5,500,0.4,0.2456838801076176,0.1950067325635605,0.3282917620000184,1.280850376200954,1.0713992980001528,1.4690118617179058
5,500,0.6,0.15768534727735178,0.10149452599467801,0.2800834119493616,1.353993237157206,1.1116189102251268,1.5689977522586291
5,500,0.8,-0.0017994506973549407,-0.007418575135164751,-1.7549238677805334e-06,1.4770546921679346,1.252156247320955,1.7126542981271236
5,500,1.0,-0.0018618018956822557,-0.006585289700777874,-2.0541424463615954e-06,1.477099426607933,1.2522234746520804,1.7126673024706986
5,500,2,0.6640983330894492,0.5964533370417342,0.7621881178803603,0.8534892203239616,0.6446738076737905,0.9919112607416207
5,500,5,0.6403313076831595,0.5850250026550066,0.7272867966866727,0.8835832996154173,0.6820155606320433,1.0297525825075058
5,500,10,0.591553102793371,0.5369945510423193,0.680448396610415,0.9420695587073926,0.7273726061793236,1.0995512101280875
5,1000,0.2,0.3112671069013275,0.2709532469258972,0.3602391016086868,1.224499188363272,1.0194732785195921,1.4126921154303536
5,1000,0.4,0.24624802674891655,0.1906381037960222,0.3216791612644311,1.2804193789081841,1.070326347866818,1.4688150385774332
5,1000,0.6,0.1567811632960756,0.09948461717712598,0.2691918567683972,1.3547308844429855,1.1150098529701142,1.5773715258727938
5,1000,0.8,-0.001840389527215357,-0.0069809825685982485,-7.508787327470401e-07,1.477080402712341,1.2521712490003973,1.712438970441635
5,1000,1.0,-0.0018468794473616228,-0.0075651200054145384,-4.759494685036003e-07,1.4770850169017657,1.2522281022209356,1.712462396528823
5,1000,2,0.6640495600678694,0.596427077766616,0.7607186136593673,0.8536090263392887,0.6372409229512385,0.9955157535490305
5,1000,5,0.6407742089708748,0.5769649842476748,0.7298860319272417,0.8830443367265113,0.6758099080411447,1.0361059601252547
5,1000,10,0.5929151811935288,0.5436449548146152,0.6806371229670982,0.9405943198403476,0.73261039323273,1.1043568352603623
10,10,0.2,0.30256967690278663,0.21185798716327575,0.39313498835461214,1.2325509338768754,1.0306197793121472,1.4728699764134665
10,10,0.4,0.24622840794032158,0.11235906761597714,0.34622785152750013,1.279453449691629,1.0670278739827337,1.4536240422012168
10,10,0.6,0.1431062232158429,0.05130286106744564,0.32799209460320833,1.3654210899735237,1.1574026847186887,1.569379550342655
10,10,0.8,-0.002046149565715246,-0.009852587765088572,-1.217754292581752e-05,1.4772364930893567,1.2519791124101232,1.7126603680806027
10,10,1.0,-0.0015732091617743056,-0.006956990123741402,-3.3886355870205165e-06,1.4768883170696587,1.2519564891697463,1.711875072743778
10,10,2,0.6322192155621319,0.5573230757855367,0.717528895489487,0.8929184188385776,0.7327786793333798,1.0775142626644854
10,10,5,0.606640034320761,0.513975090582306,0.7311978713761706,0.922851770107357,0.6591737844216297,1.0863917313336011
10,10,10,0.5678280145618674,0.47420053489892067,0.667245564513104,0.9684932169048969,0.7690325322053202,1.1299879562860824
10,20,0.2,0.3116261397237285,0.23488441658386172,0.369567887138019,1.2242000797414894,1.0223716457953003,1.4159471625685094
10,20,0.4,0.257977387517763,0.18655689198614211,0.3543987149159865,1.2708043882669946,1.0215644430604351,1.4918147433813365
10,20,0.6,0.1646187934563797,0.06029128454516686,0.3444028940716457,1.3483144242209855,1.1046650845085169,1.5588005546707093
10,20,0.8,-0.0016290555197177288,-0.006689015064158754,-1.1559732928878574e-05,1.4769191477209551,1.2520700004811236,1.7107877772938815
10,20,1.0,-0.0018302978456612225,-0.007843838296406558,-7.322866738990186e-06,1.477078401535193,1.2520596224292715,1.7133758671380432
10,20,2,0.6473267676561327,0.5749602228902935,0.7274396150549292,0.8748880893418456,0.6688761040306019,1.1126417173550995
10,20,5,0.6262579730134084,0.5252135707029724,0.7226149102661688,0.9001642592705006,0.6696149350841273,1.0876580928617041
10,20,10,0.5912474456455635,0.5016103453549474,0.6720923460257817,0.9423547911499848,0.7628171273623523,1.1282072797698115
10,50,0.2,0.3241674095819229,0.26899402129383876,0.36986143814781725,1.2130199140247178,1.0106984561884345,1.3996916507576254
10,50,0.4,0.2610046221127003,0.19559210292139417,0.34987584639526514,1.2683321006828683,1.0290183226253786,1.4606900010272754
10,50,0.6,0.16891275349987542,0.07806803520811001,0.32415479513167955,1.3444352828112711,1.1111947894873595,1.5509485622987333
10,50,0.8,-0.0018814371539005485,-0.007658229753488621,-1.3930115754678951e-05,1.4771125381485501,1.252344217939948,1.7131040097478385
10,50,1.0,-0.0018693063270791709,-0.009053909318980757,-1.2447985271446527e-06,1.4771168079863033,1.2520653840843377,1.7138233216701824
10,50,2,0.6600928895674439,0.563113282643452,0.7742317315914353,0.8583727223575768,0.6041086110129293,0.9943140675502812
10,50,5,0.6407066570147009,0.5597725596655999,0.7179631525502761,0.8825448639958648,0.6947570342586185,1.028489953908845
10,50,10,0.5977255556507675,0.5033956652932696,0.6859348175786506,0.935010167806562,0.712514114001206,1.091972313952301
10,100,0.2,0.3283298828201797,0.2780767512905773,0.37476647508641114,1.2095033503312973,1.0206673601717122,1.4035505290726302
10,100,0.4,0.26245514839894907,0.1902829872694214,0.34679161253957747,1.266510816647735,1.041060293370156,1.4434611301836804
10,100,0.6,0.16705990571882168,0.08772483244825191,0.31360141282644205,1.3462212374906548,1.0727651673569256,1.573306361510796
10,100,0.8,-0.001750124089991197,-0.006420512776345255,-1.9750979816102188e-06,1.4770132052687992,1.2525801478633671,1.7127252189214677
10,100,1.0,-0.0020176437944404535,-0.00795178474847913,-1.7775846201439904e-05,1.4772141486142731,1.2523369562279973,1.7126643550786254
10,100,2,0.6633788072081056,0.5955357271437618,0.7667236976664404,0.8541725824701049,0.6539240797618836,0.9933010366441551
10,100,5,0.6454257089238294,0.5871156949640821,0.7433299042991828,0.8773711578247211,0.6731457909896514,1.0375143030536231
10,100,10,0.6020398243409385,0.5300166480465951,0.6883394121568949,0.9298553039060522,0.714613799818165,1.1032337955501836
10,200,0.2,0.32486667779630873,0.27112334563209006,0.3736944767002437,1.21250497546334,1.0147675808364658,1.397952700449244
10,200,0.4,0.26761840877544457,0.19847795781732458,0.36436388190465063,1.262172173288238,1.040977626525865,1.4513764562133415
10,200,0.6,0.17116527538004173,0.10186144584989232,0.3130633002521166,1.3429513584049704,1.0863224239546738,1.5681702474591563
10,200,0.8,-0.0019174913855236225,-0.007664114837309777,-2.8611042783843743e-05,1.4771455597410201,1.2521844843751693,1.7130418695414338
10,200,1.0,-0.0018393860800910182,-0.007275739310312668,-3.150354057623872e-07,1.4770822256969762,1.2523479755122968,1.7124436672632197
10,200,2,0.6677451177945106,0.6065220720886529,0.7547574350186237,0.8488572686906405,0.6367641523144862,1.0080694956879583
10,200,5,0.6459522091279137,0.5901499943836829,0.7363812558795773,0.8765894248042432,0.6527873330103554,1.0163540760316048
10,200,10,0.6077652967630708,0.5517349571994971,0.7012177452820916,0.9231589341050603,0.6949618672021246,1.0866719069391508
10,500,0.2,0.3270744254065277,0.2732574264463876,0.37573115536157975,1.2105486805802799,1.0121690567671116,1.4048970635421767
10,500,0.4,0.26784226908117886,0.20432485684793433,0.35876932796898364,1.2619172775085727,1.0395575337645713,1.4372918220376187
10,500,0.6,0.1683010522996551,0.09867756280190565,0.3174102972085987,1.3453110863857718,1.0925319907571236,1.575354199807444
10,500,0.8,-0.001865848580522379,-0.007648233175041597,-1.1190746706191135e-05,1.4771026230538746,1.252111028939736,1.7124981445903167
10,500,1.0,-0.001863259968878881,-0.007903790128917842,-1.05557861806993e-06,1.4771040496348602,1.2521945457041208,1.7127134770127739
10,500,2,0.6679753388001268,0.601758393772033,0.7587525472635204,0.8485333218586419,0.6322365251825268,0.9806417298063067
10,500,5,0.6474880707789267,0.5901547738917694,0.7405209262145682,0.8747359358949917,0.6529648832946883,1.0257536410932198
10,500,10,0.6071821970999287,0.5524569160083794,0.699927260271443,0.923766885862194,0.696461071974313,1.0809055697243384
10,1000,0.2,0.32640971101721467,0.2733573765309312,0.37860133011028896,1.2112001961834016,1.01563281364109,1.3896565898300433
10,1000,0.4,0.2674565431200705,0.20854710888425887,0.35495419239839976,1.2623026103769923,1.033018544084128,1.4405335367079755
10,1000,0.6,0.16827529775590516,0.0946958755469659,0.31415999444366316,1.3452110996023028,1.0919135812855199,1.5707270364873094
10,1000,0.8,-0.0018429802925247745,-0.0074236535546792215,-4.4354334627350056e-07,1.477087190141393,1.2521934190803652,1.712556115014316
10,1000,1.0,-0.0018567382329711488,-0.007205558928433886,-4.609552913814596e-06,1.4770945067623955,1.2522699479881774,1.7126024257849888
10,1000,2,0.668942979101166,0.6037445448822492,0.764389176786219,0.8473288544953871,0.6171364437481921,0.9860311554546943
10,1000,5,0.647023223763073,0.5869999586337238,0.7436401751174153,0.8752622350454781,0.656993316340788,1.0157946136380296
10,1000,10,0.6061686267231247,0.552180746170452,0.6956713847330168,0.9250004918174043,0.7079487489607689,1.0847107122967008
20,10,0.2,0.3221609202303726,0.21796294463277932,0.4672312699039597,1.2142931147692195,1.0266703422157522,1.4091313194416273
20,10,0.4,0.26503483705694764,0.15384790713564522,0.37864050790385706,1.2644957077715913,1.002201489320994,1.4523986216922005
20,10,0.6,0.14767639281396294,0.022080839770701965,0.3237554840975929,1.3618377979758263,1.1340259468129616,1.595842740623276
20,10,0.8,-0.00228951300279115,-0.006851625419932672,-1.5294147273081649e-06,1.4774226977821618,1.2523679999347568,1.71362008848157
20,10,1.0,-0.002180518296449163,-0.010360527857640411,-9.257538845064417e-06,1.4773643164133172,1.2520758960362133,1.7122998611896543
20,10,2,0.6445740563001768,0.5663620808505744,0.7339956807999126,0.8773926678918516,0.6661397696724171,1.0291379928672384
20,10,5,0.607580955889509,0.5167789832678167,0.7219961066349367,0.9223507411468561,0.6813691634751848,1.18591177716179
20,10,10,0.5674167739709768,0.4567633261835399,0.6766219470086203,0.9688702280864779,0.7388411890554736,1.155876054667826
20,20,0.2,0.3178935731399284,0.24079964415615307,0.3820525422166817,1.2188351444259027,1.0070040447659387,1.3821905591423582
20,20,0.4,0.2714452435340036,0.18145151711633867,0.37298881281078367,1.25863916795337,1.0462737312125934,1.413943935409443
20,20,0.6,0.16845083126571828,0.05712647480444577,0.35594857326400864,1.3450437111211342,1.0203375003779185,1.5557323386920863
20,20,0.8,-0.001957493124148928,-0.007821649255471907,-4.5448866892172646e-10,1.4771658096527331,1.2520852214514375,1.7124137245327038
20,20,1.0,-0.0017684113729985677,-0.009394249439456992,-7.295877302304632e-07,1.477032444858604,1.2521927727839797,1.712464278992805
20,20,2,0.6413595058560573,0.5650702221580133,0.7631896688303382,0.8817335744094644,0.6187053875648793,1.0306698147978754
20,20,5,0.6289073012337014,0.5394841678382919,0.7463599478002787,0.8962739779421338,0.6416945780015663,1.0556301621706605
20,20,10,0.5984421505992293,0.5273275343070214,0.7195327532945395,0.9334169895263361,0.673324862045369,1.1092915692118783
20,50,0.2,0.33179222471187564,0.2570217911969499,0.38913524211881667,1.2059603612617993,1.0236440180539106,1.379689714888583
20,50,0.4,0.2747842121653849,0.20306563193503546,0.3757327248305131,1.2563343023589342,1.0045437590797723,1.426640110529802
20,50,0.6,0.17419283584652911,0.09288695543787695,0.36114356478040666,1.340521947819899,1.0221566335957608,1.5918218950602478
20,50,0.8,-0.0020354055453174875,-0.0075183738685606905,-1.7939171856884428e-06,1.477231731337082,1.2523635881319195,1.7120036366770057
20,50,1.0,-0.0019935554383563097,-0.008082538875646916,-2.0151864227102578e-05,1.4771828866393646,1.252012160276267,1.7127278469238072
20,50,2,0.6617937152550895,0.596571651371149,0.7532030870664637,0.8562979826795521,0.6417874510043298,0.9937798887136265
20,50,5,0.6426612065587552,0.5639468028196399,0.7497285862654912,0.8799842122469217,0.6619966848370323,1.0262844899268404
20,50,10,0.605847858805807,0.5281449504087647,0.7261508990534413,0.9252293768428538,0.6653332608957108,1.096994948990112
20,100,0.2,0.3423381244059124,0.2875332508085813,0.39516803095109687,1.197065442234062,1.001297913936127,1.3773766499195743
20,100,0.4,0.2787079658601587,0.19229798529953146,0.37950636110708447,1.2524845962596696,1.0171744829839204,1.4275594945062644
20,100,0.6,0.17303781674210758,0.09021493035014938,0.3317125327716691,1.3415903394616648,1.064391012130854,1.580120022843432
20,100,0.8,-0.001965473507912831,-0.006979344130098708,-2.3159527817506742e-05,1.4771743413678908,1.2522015241002078,1.7132811236680752
20,100,1.0,-0.0018791411215676789,-0.008132801622774188,-1.2413035510139281e-05,1.4771117685627497,1.252223073009792,1.7121327188241942
20,100,2,0.6661591385102157,0.6011142272331436,0.7665764264155579,0.8509703489854729,0.6142652284253741,0.9768793719564772
20,100,5,0.645007008330823,0.583237116550757,0.7422586752104576,0.8780089567835092,0.6634503215551742,1.0309671832134133
20,100,10,0.6111888486055127,0.5474167331627289,0.731402359210179,0.9189775531004387,0.6589230076413632,1.0834286625993987
20,200,0.2,0.34034226929403943,0.2706306847752291,0.3939516359107742,1.1987833143646056,1.0038876983277492,1.3967149257358742
20,200,0.4,0.2802210606688689,0.21442427328050073,0.3758827003205998,1.2513946266949936,1.0114815686573886,1.4223402079515184
20,200,0.6,0.17228766574090018,0.09877412100037253,0.34854825254086563,1.3421445623157406,1.072415987082684,1.5727743271674222
20,200,0.8,-0.0018216516390884966,-0.007766178065837126,-4.250069440825399e-07,1.4770690515027491,1.252123822247217,1.712796917312865
20,200,1.0,-0.0018342805254302889,-0.007682841182678812,-6.084352466295684e-08,1.4770788708264562,1.2522702269184427,1.7124189279744855
20,200,2,0.6681306107378637,0.6003201672110458,0.7705109715976468,0.8484565333090393,0.609066255757867,1.0054901617134575
20,200,5,0.6475237036748213,0.5818625169922536,0.7389689504073387,0.8746989836337319,0.6495755355362413,1.0338938603494532
20,200,10,0.6115356043291996,0.5534128680096143,0.7053889602828705,0.9187094354436284,0.6900937332658796,1.08374345077778
20,500,0.2,0.33977945704159046,0.26810675068133727,0.38772611695412573,1.1993558787351952,1.0034363274009805,1.3750306466110933
20,500,0.4,0.28089635619381387,0.20240047769118763,0.3780198440498693,1.2509051996747906,1.0162409436025273,1.4307673398779037
20,500,0.6,0.1736350819249665,0.09478263988200153,0.3514160047139444,1.3409382475157303,1.065548652016059,1.5738893710710582
20,500,0.8,-0.001790443963602556,-0.006560947282716834,-2.3991674491519177e-06,1.4770475467110684,1.2521654212845557,1.712593741176462
20,500,1.0,-0.0018069127441945726,-0.007169176120129794,-6.419558424841654e-07,1.477057126422401,1.2521902500651685,1.7127991944018806
20,500,2,0.6687692135432901,0.6102062800073897,0.7662065421702208,0.8477658733438721,0.629011297759916,0.9991828487574862
20,500,5,0.648703558663949,0.5848185620300159,0.742735318005257,0.8729703530553735,0.6469100980426008,1.028562404175448
20,500,10,0.6128643822963701,0.5493283872553376,0.7173028138221919,0.9169018366971932,0.6759962987838151,1.0714891687532933
20,1000,0.2,0.3402713510406791,0.2704350987196129,0.3879486214971698,1.1989466360728114,1.0072118812246487,1.3741525630058082
20,1000,0.4,0.28129175731867895,0.21186139346464927,0.37582191943778076,1.2503899527704851,1.0183271942614531,1.4260466071099938
20,1000,0.6,0.17349429356445822,0.09648015494159823,0.34671489697366176,1.3411234624395523,1.0611119145045382,1.5726445886613878
20,1000,0.8,-0.0018689843572169012,-0.007437014178005574,-9.931497213511165e-07,1.477100989359958,1.2521838404038172,1.7125343956593762
20,1000,1.0,-0.0018529606326370361,-0.007165491380818123,-1.4247164226155462e-07,1.477093154215927,1.2522333543606683,1.7125597870753428
20,1000,2,0.6691668587742348,0.6066363209161292,0.7632533273870928,0.8470161273820617,0.6214545561166943,0.9872873605652878
20,1000,5,0.6492492129799043,0.5910535646924469,0.741781601314748,0.8723749869657323,0.6497641730514933,1.0196072143262145
20,1000,10,0.6144094942310144,0.5555901452606856,0.720076125951057,0.9150551828044478,0.6726723015396232,1.0722789488684223
50,10,0.2,0.320189213358046,0.1828690273346365,0.41998830700771195,1.2165745911178316,0.9933821299073968,1.4127191158100083
50,10,0.4,0.26094021864696537,0.18123775773935513,0.41020751362669483,1.2672041293872156,1.0594327882060204,1.4450378665669343
50,10,0.6,0.15829490289151593,0.04896450322966506,0.4383714713819833,1.3529103576923427,0.952814056099193,1.5591334623183328
50,10,0.8,-0.002336993188205063,-0.009248030618939751,-1.6604541886788837e-05,1.4774517898707054,1.2519910210216105,1.7119536832575801
50,10,1.0,-0.0020014942660451875,-0.005947455606682306,-1.1994586743835356e-06,1.4772033298829284,1.2524466769665807,1.7115613321693208
50,10,2,0.6425910191946946,0.5208306897760155,0.7893403235044653,0.8789974660869584,0.5835449051836026,1.117077005224402
50,10,5,0.6205057446975116,0.5089841620422402,0.7441610303902197,0.9064690731043029,0.7040780784082881,1.0390318130271434
50,10,10,0.5806511437760002,0.4888943769156703,0.7378683344019517,0.9535927876072157,0.6509435360145496,1.1220204866870767
50,20,0.2,0.3315663394254996,0.23483351245931328,0.4300192370774606,1.2061426215385411,0.9868620132132871,1.3670611955722223
50,20,0.4,0.28189625319843326,0.20962145153946987,0.37431297040934575,1.2497696764887471,1.0056854138848865,1.437282322775636
50,20,0.6,0.15821281141718005,0.046249378568914534,0.34669981232438674,1.353687180742831,1.0686565756087736,1.5667298827918246
50,20,0.8,-0.0019921838800413378,-0.008830957338187062,-6.946077046876553e-10,1.4771765538908257,1.2519592618020472,1.7119916235347585
50,20,1.0,-0.0020298836840835725,-0.009191022337307064,-3.945643692215839e-06,1.477220501210668,1.2520345252894653,1.7118835994595596
50,20,2,0.6489043044803635,0.5609067063102482,0.7308303430638017,0.872556955529276,0.6755520208056242,1.0882681671753192
50,20,5,0.6348018786981546,0.5341280422209556,0.7580547383806342,0.8896673338111093,0.696798351204111,1.0900178482810783
50,20,10,0.5972247008873913,0.5097537086322869,0.6792443045471104,0.9352228749608853,0.7317148409610129,1.102107595639313
50,50,0.2,0.34085928969240714,0.25196013709377485,0.40369015715178147,1.1984997034502332,0.9920306337714382,1.3661339206254033
50,50,0.4,0.28669474787449345,0.2028701977331434,0.4093851182196421,1.2458794460689717,0.977092698780213,1.3971180570937995
50,50,0.6,0.16281990140384295,0.0859542011616925,0.35866098374818633,1.3497355553597592,1.0445698445532914,1.56509088508915
50,50,0.8,-0.0017639890969469146,-0.008602553874475616,-3.4812856375410206e-07,1.4770329964651356,1.2521658347150326,1.7122492698055642
50,50,1.0,-0.001923809926072916,-0.007407998858895315,-2.1820768523195255e-06,1.4771421699546656,1.2522013171807258,1.7133871386357435
50,50,2,0.6647829615180304,0.6049643785125516,0.7645726574634396,0.852247613772206,0.6168961010837437,0.9840901812300377
50,50,5,0.6453392675601898,0.5621222767082236,0.7369621720002784,0.8768906072599941,0.6925691769936173,1.015390407613752
50,50,10,0.6127441253416276,0.5383402751408244,0.7065492641195803,0.9168658148916572,0.6887334509830102,1.0854624734202483
50,100,0.2,0.34719152034129597,0.26925823526943016,0.4313723498526376,1.1924488388319636,0.9954519796851551,1.3594997024161637
50,100,0.4,0.28534919366411887,0.2178614929543301,0.3912261849388795,1.2469553013691137,1.019027129981,1.4181265216646366
50,100,0.6,0.16569784308181235,0.08247317897136208,0.34155024866242345,1.3477118824231908,1.0316797214875977,1.5759565884871307
50,100,0.8,-0.001904260421246344,-0.007095170284721952,-7.356371312772225e-06,1.4771293245431225,1.2522313360048625,1.7126995751277994
50,100,1.0,-0.001847120059329471,-0.0070639608293507905,-1.023148893519732e-05,1.4770840394217675,1.2522884066616118,1.7127792694971467
50,100,2,0.6651899650190201,0.6020433085610677,0.7524771375025796,0.8518350855744488,0.6447914338404344,0.9882110056673744
50,100,5,0.646038939745259,0.577429855073619,0.7348821144465867,0.8759232239264827,0.6765905571929496,1.0536985989548844
50,100,10,0.6133324557379275,0.5395769530720804,0.6967400098527334,0.9160287288368328,0.7143597305270719,1.0836245900473311
50,200,0.2,0.3482926733142255,0.28229341908569383,0.42173421346122797,1.1915444835927256,0.9921184385635152,1.368875547846528
50,200,0.4,0.29043674603600644,0.21462971635264316,0.39088144351039833,1.2425559396162265,0.9922805766170821,1.395276814666488
50,200,0.6,0.1655019452243085,0.0882759783032484,0.3422202518384315,1.347688575848289,1.055392260945383,1.56979660108451
50,200,0.8,-0.0018932015141628488,-0.007158993697351734,-3.2770406055426804e-06,1.4771268217213376,1.2522266915482339,1.7129282463705464
50,200,1.0,-0.0018085480244097334,-0.007821330215370903,-8.501248593972832e-09,1.4770633277448069,1.2522520779954565,1.7123254869531328
50,200,2,0.6706194815649377,0.6112430980679531,0.7537357135835289,0.8451344431560232,0.6515288083147941,0.9869398161056604
50,200,5,0.648198240103486,0.5781439331678215,0.7393033007176278,0.8733202245785011,0.6709511641525826,1.0099527000595458
50,200,10,0.6162152924204609,0.5522952382383501,0.7061342738032375,0.9129050891986642,0.7171671564635442,1.060523074143041
50,500,0.2,0.34994286303250216,0.2746157857844864,0.42592673399568304,1.1899976004132375,0.9979949422989218,1.3605589473794684
50,500,0.4,0.29070812066022467,0.20900927074472697,0.4021214504179206,1.2422676738964207,0.9830827175892295,1.4009802689748863
50,500,0.6,0.1663559498310432,0.08770208649178424,0.35143842396503944,1.3470660157553946,1.046775664616039,1.5686206426943266
50,500,0.8,-0.0018339566783833249,-0.006858090878463008,-2.5766925961789866e-06,1.477077624237739,1.2522889048796921,1.7124815014169419
50,500,1.0,-0.001865082240124114,-0.007065559422235745,-3.671539017258141e-07,1.477100003334059,1.2521901747919644,1.712613754582072
50,500,2,0.6705054448817785,0.6078610865327628,0.7521202522166316,0.8453515492369542,0.6499441290064786,0.9816677968305834
50,500,5,0.6493397147747673,0.5876725712253406,0.7415428648686875,0.8721868580649063,0.6710845984285929,1.0190990319952444
50,500,10,0.6161394740667508,0.5475874149557394,0.71077362947101,0.9129796644605517,0.6837581549656658,1.0661404139639565
50,1000,0.2,0.34895748644266184,0.270718832760965,0.4219160104942433,1.1910083487010161,0.9931715967091844,1.36457040485143
50,1000,0.4,0.2901025387808008,0.20392840657751532,0.3901124318376805,1.2428242945565966,0.9929067557445428,1.4022391687652351
50,1000,0.6,0.1674468943985757,0.09452728185905879,0.34097441152367036,1.3461721155625588,1.0460061870769433,1.5653042088129812
50,1000,0.8,-0.0018074030007225847,-0.00712726573537803,-1.2171371570612877e-06,1.477055561359824,1.2521964666746002,1.7124024649224125
50,1000,1.0,-0.0018608883896338588,-0.0073251120138515535,-5.0139206342336706e-08,1.4770967319638568,1.2522159427973287,1.7124894088738176
50,1000,2,0.6699941838516207,0.6034056086702537,0.7520765626670709,0.8459050175039261,0.6452987947885633,0.9801184759822106
50,1000,5,0.649682513004158,0.5866119353623289,0.7387609008362945,0.8716715401600047,0.6650786147003777,1.0172312664543215
50,1000,10,0.6162879840643624,0.5540299123651804,0.7016585810125722,0.912715580466459,0.6971771167059907,1.0639118519616733
None,10,0.2,0.3333055736010648,0.24388001165579076,0.4381175123768972,1.2048546729451788,0.9530294550232445,1.3630573134234982
None,10,0.4,0.26439973499052055,0.1960621461756038,0.395568859670566,1.2650983643586238,0.9903111453083782,1.4284282387088278
None,10,0.6,0.150291826203295,0.0009469118698162138,0.33164505240305076,1.3600164987155086,1.0394106416359632,1.596226834970751
None,10,0.8,-0.00209294824200606,-0.010128313705818348,-1.0715574205732992e-07,1.4772511635786547,1.2524433227549507,1.7126139585647115
None,10,1.0,-0.0023196622626555927,-0.007904074245305592,-6.345738157165215e-08,1.4774500054840427,1.2519594092330275,1.7144820616760519
None,10,2,0.6277091718865196,0.502254709686939,0.7268322154125113,0.8974613109933013,0.6919734239975261,1.0994293445291046
None,10,5,0.6054435462342663,0.4626605786471626,0.7368957808754104,0.923407498600934,0.6969039917650751,1.0846244979725028
None,10,10,0.5831918623089642,0.5101802272118509,0.6927147985546009,0.9506017327173004,0.7723794257373641,1.1642356907462843
None,20,0.2,0.34188810577218026,0.2595213906133025,0.4139834588156359,1.1968440537042497,0.9827354798396659,1.3604543698284604
None,20,0.4,0.27697892506215255,0.1853951472032842,0.38135877381270455,1.2534899490275035,1.076629358503807,1.4413644981455314
None,20,0.6,0.15940710590338733,0.0739637623373427,0.35811363003268193,1.3527209644929534,1.020825379771053,1.6116176627717669
None,20,0.8,-0.001936484643920195,-0.005569691300360224,-6.036580280088799e-08,1.4771530812485534,1.2526522973929182,1.7119549210706448
None,20,1.0,-0.002114190724334375,-0.009794791085503629,-8.786013963035799e-07,1.4772676351538783,1.2525575987787434,1.711265211424295
None,20,2,0.654658293827665,0.5892001987429883,0.7668754005864122,0.8650674935034545,0.64384845430112,1.0151264976617285
None,20,5,0.6324920629974502,0.5633557334705775,0.7299004584002824,0.8928271811865826,0.6610447859016263,1.0785379213032502
None,20,10,0.5980857530791098,0.510288193097844,0.7332929636233667,0.9334693618756601,0.6565998996280386,1.0905209975699794
None,50,0.2,0.35341981430948716,0.2691283507753991,0.4188323945061724,1.187094294471341,0.9700749092485608,1.3628365121591508
None,50,0.4,0.29236320714189684,0.2012221425376436,0.3958446532401865,1.2407280594458436,0.9882296657707279,1.3967638753201204
None,50,0.6,0.16080761704715002,0.08024031001792309,0.3284926025085785,1.351459263557802,1.045953080941311,1.5804716421729132
None,50,0.8,-0.0018132736944520198,-0.007331442967482227,-1.2080901022226698e-05,1.477064128874185,1.251993523520668,1.7120624347347007
None,50,1.0,-0.0018754809258794494,-0.008393954799582382,-7.662406937836153e-07,1.477109881634793,1.252107410497392,1.7129569115096752
None,50,2,0.6652439158907741,0.5944464338085067,0.7405745092441129,0.8520216092863555,0.6590245017426252,0.9987133116464801
None,50,5,0.645272836646274,0.5702124259515416,0.7275965552190224,0.8772984695352181,0.6965288672710935,1.042628296128617
None,50,10,0.6107987406412152,0.5356681525808721,0.7009924537355268,0.9188672479378103,0.7317080143622333,1.0982981733258235
None,100,0.2,0.3498834015263329,0.2715154738276827,0.419090391300428,1.1903464624366886,0.9856053577506703,1.3715375662457532
None,100,0.4,0.28992158987835615,0.1936140023156091,0.38895145684149734,1.2429989303137419,0.9938513493983565,1.4034000075288364
None,100,0.6,0.1641044214224389,0.08044088141463823,0.3453098785081241,1.3487166950247533,1.0288922079722607,1.5611374331267565
None,100,0.8,-0.0019051154036127975,-0.007217052296242477,-1.872153583049041e-06,1.4771325703291087,1.2519967576213846,1.7127249959047661
None,100,1.0,-0.001803017644044769,-0.0071540783206214265,-2.9483237369287707e-06,1.4770540893971578,1.2520949850333918,1.71192211092359
None,100,2,0.66760388743728,0.6063478175978454,0.7573377362597568,0.8486168456415752,0.6263032964829098,0.993753466784936
None,100,5,0.6485298459819543,0.5760730313266255,0.736972372351918,0.8731514907620712,0.6724329697940703,1.0119057163035161
None,100,10,0.6123663961001017,0.541196247172018,0.7056932169649005,0.9171865164707772,0.7006959334138158,1.0933091050015988
None,200,0.2,0.35087055635155695,0.2750492342183498,0.41721392976057914,1.1891360204372723,0.9902292083258318,1.3546514909045062
None,200,0.4,0.28913084461237154,0.21120504778174576,0.3883812909794939,1.2434618637364896,0.9943149197582676,1.3977168707566126
None,200,0.6,0.16523050887621277,0.08273556373456414,0.35400952479439995,1.3479428013993424,1.035700711562793,1.5587598476975844
None,200,0.8,-0.0019000942418058487,-0.008770606254288715,-1.2287017104650744e-05,1.4771290838803168,1.2522388234072859,1.7127077860022908
None,200,1.0,-0.0019322178640557297,-0.007443609778656102,-4.256809283509355e-06,1.477151724432159,1.2521406004664075,1.7126716617913587
None,200,2,0.6688616588051265,0.6083258500658499,0.74921374055987,0.8471719505281462,0.6594512019856197,0.9708402568617953
None,200,5,0.6498446379897743,0.5850485656289378,0.7394591800762607,0.8715512413114095,0.6650942898798329,1.0134797900662167
None,200,10,0.6145148420076763,0.5504942727534161,0.7013954665198014,0.9148369452685469,0.707627038165507,1.0730620347919466
None,500,0.2,0.3514292771091588,0.27132267389099807,0.4204054824344208,1.1886435861809614,0.9826806426206854,1.3532713181785425
None,500,0.4,0.28977757099167784,0.20445451034812478,0.39028084599779955,1.2431638853892928,0.9927696558005054,1.398445163509299
None,500,0.6,0.16499869995544203,0.09128363937545114,0.3306104898268195,1.348240143479064,1.0432733429479366,1.5608932073663548
None,500,0.8,-0.0018527524929722997,-0.007187087628538258,-6.241664407546921e-07,1.4770926742977286,1.2522523147113134,1.7128606867982383
None,500,1.0,-0.0018489485906612608,-0.006715554775891475,-1.152458628972397e-06,1.4770870272399943,1.2522322609346608,1.7126040025436253
None,500,2,0.6696109657241202,0.6038361125999979,0.757175380288404,0.8462360851588039,0.6440613620514543,0.9804890036444004
None,500,5,0.6505690170138174,0.5854649872679594,0.736274127611172,0.8705643631532282,0.6738258932481863,1.0183465307904376
None,500,10,0.6150744195905686,0.5521625258162056,0.700223847112394,0.9141177949770278,0.696116801690034,1.0663610001026724
None,1000,0.2,0.35107857785544155,0.2707032802382566,0.41997627208349464,1.1889865144511655,0.9907926832897197,1.356047384044833
None,1000,0.4,0.29053864862362927,0.2082167830109638,0.39136744435974447,1.242392491030426,0.9918846393812171,1.3981811401266984
None,1000,0.6,0.1651551024866108,0.0886434868023036,0.3337690282922696,1.348043474509341,1.0377577475411484,1.5622121326966374
None,1000,0.8,-0.001852094729152974,-0.007313331949771351,-2.067930343407909e-06,1.4770885334960504,1.2522474426244212,1.7126016969331188
None,1000,1.0,-0.0018050889453931646,-0.007104883526722894,-9.177471960164496e-08,1.4770578679075477,1.2521952488452717,1.712649930923493
None,1000,2,0.6712032990734458,0.602977862994903,0.750643725959427,0.8442987394048987,0.6450638787163238,0.9818597025187176
None,1000,5,0.6505810252833659,0.5871396967587347,0.7366626838554267,0.8707117297577228,0.66534750514703,1.0170754041275087
None,1000,10,0.616892935868496,0.554018073264509,0.7039946896150884,0.9120059883558714,0.6917247681064973,1.0667461602640131
